Захаров Петр Олегович;Адмиралтейский округ;5;Объединенные Демократы;
Казачинский  Кирилл Владимирович;Коломна;1;Объединенные Демократы;
Пушкин Владислав Юрьевич;Екатерингофский;11;Объединенные Демократы;
Хвасынова Анастасия Сергеевна;Екатерингофский;12;Штаб Навального;
Войтяцкий Алексей Борисович; округ № 7;13;Объединенные Демократы;
Волков Алексей Маркович; округ № 7;14;Объединенные Демократы;
Касаткин Алексей Викторович; округ № 7;14;Объединенные Демократы;
Вавилина Нэлли Юрьевна; округ № 7;14;Объединенные Демократы;
Диденко Станислав Викторович;Васильевский ;15;Объединенные Демократы;
Касаткин Алексей Викторович;Васильевский ;16;Объединенные Демократы;
Фаттуш Ольга Александровна;Гавань;17;Объединенные Демократы;
Вавилина Нэлли Юрьевна;Гавань;17;Объединенные Демократы;
Журавлев Артем Владимирович;Гавань;17;Объединенные Демократы;
Карлин Евгений Алексеевич;Гавань;17;Объединенные Демократы;
Кузин Сергей Владимирович;Гавань;18;Объединенные Демократы;
Синяк Александра Александровна;Гавань;18;Объединенные Демократы;
Огородников Виталий Игоревич;Гавань;18;Объединенные Демократы;
Кощеева Олеся Викторовна;Гавань;18;Объединенные Демократы;
Суходольский Вадим Александрович;Морской;19;Объединенные Демократы;
Данилов Дмитрий Александрович;Морской;19;Объединенные Демократы;
Васильев Денис Борисович;Морской;19;Объединенные Демократы;
Федин Владимир Александрович;Морской;19;Объединенные Демократы;
Барченков Леонид Борисович;Морской;19;Объединенные Демократы;
Горбацевич Антон Николаевич;Морской;20;Объединенные Демократы;
Батожок Егор Александрович;Морской;20;Объединенные Демократы;
Галкина Ольга Владимировна;Морской;20;Объединенные Демократы;
Камольникова Наталья Владимировна;Морской;20;Объединенные Демократы;
Голубков Александр Андреевич;Морской;20;Объединенные Демократы;
Еленко Евгений Анатольевич;Остров Декабристов;21;Объединенные Демократы;
Стужин Дмитрий Георгиевич;Остров Декабристов;21;Объединенные Демократы;
Силантьев Владимир Владимирович;Остров Декабристов;22;Объединенные Демократы;
Галиллев Сергей Михайлович;Остров Декабристов;22;Объединенные Демократы;
Первовский Владимир Сергеевич;Сампсониевское ;24;Объединенные Демократы;
Воюцкая Мария Игоревна;Светлановское;26;Объединенные Демократы;
Милехин Александр Валерьевич;Светлановское;26;Объединенные Демократы;
Магер Виктор Александрович;Светлановское;28;Объединенные Демократы;
Евстафьева Янина Владимировна;Светлановское;28;Объединенные Демократы;
Кравченко Роман Владимирович;Сосновское ;2;Объединенные Демократы;
Иванов Кирилл Андреевич;Сосновское ;2;Объединенные Демократы;
Квашина Светлана Евгеньевна;Сосновское ;3;Объединенные Демократы;
Деркаченко Виталий Олегович;№ 15;1;Объединенные Демократы;
Максимов Александр Сергеевич;№ 15;1;Объединенные Демократы;
Самусев Сергей Александрович;№ 15;1;Объединенные Демократы;
Немеровский Александр Геннадьевич;Шувалово-Озерки;1;Объединенные Демократы;
Борисов Михаил Максимович;Шувалово-Озерки;2;Объединенные Демократы;
Роман Иван Александрович;Шувалово-Озерки;2;Объединенные Демократы;
Федотов Сергей Владимирович;Шувалово-Озерки;3;Объединенные Демократы;
Капустин Александр Леонидович;Парголово;1;Объединенные Демократы;
Дюве Любовь Николаевна;Парголово;2;Объединенные Демократы;
Вербицкий Павел Анатольевич;Гражданка;45;Объединенные Демократы;
Каширкин Константин Вячеславович;Гражданка;45;Объединенные Демократы;
Мурадов Кэмран Теймур оглы;Гражданка;45;Объединенные Демократы;
Кузьмин Станислав Владимирович;Гражданка;46;Объединенные Демократы;
Лапшангская Анастасия Викторовна;Гражданка;46;Объединенные Демократы;
Петров Алексей Александрович;Гражданка;47;Объединенные Демократы;
Уланов Дмитрий Витальевич;Академическое;52;Объединенные Демократы;
Панов Глеб Борисович;Финлянский округ;53;Объединенные Демократы;
Мошина Юлия Сергеевна;Финлянский округ;53;Объединенные Демократы;
Травин Виктор Владимирович;Финлянский округ;53;Объединенные Демократы;
Зуев Игорь Владимирович;Финлянский округ;53;Объединенные Демократы;
Миловидов Николай Васильевич;Финлянский округ;53;Объединенные Демократы;
Желдыбин Иван Викторович;Финлянский округ;54;Объединенные Демократы;
Суздалев Виталий Александрович;Финлянский округ;54;Объединенные Демократы;
Ромашин Вадим Валерьевич;Финлянский округ;54;Объединенные Демократы;
Левин Кирилл Александрович;Финлянский округ;56;Объединенные Демократы;
Самерсова Наталья Михайловна;Финлянский округ;56;Объединенные Демократы;
Уткина Светлана Анатольевна;Финлянский округ;56;Объединенные Демократы;
Каширкин Константин Вячеславович;Пискарёвка;61;Объединенные Демократы;
Мурадов Кэмран Теймур Аглы;Пискарёвка;61;Объединенные Демократы;
Бакан Марианна Игоревна;Северный ;63;Объединенные Демократы;
Перетрухин Олег Анатольевич;Северный ;63;Объединенные Демократы;
Яжуткин Артем Александрович;Северный ;63;Объединенные Демократы;
Бруссер Александра Викторовна;Прометей;67;Объединенные Демократы;
Евдокимов Денис Васильевич;Прометей;67;Объединенные Демократы;
Ческидова Анастасия Алексеевна;Прометей;67;Объединенные Демократы;
Гук Александр Викторович;Прометей;68;Объединенные Демократы;
Подзноев Андрей Александрович;Красненькая речка;1;Объединенные Демократы;
Краско Наталья Александровна;Морские ворота;89;Объединенные Демократы;
Мордовец Виталий Анатольевич;Морские ворота;89;Объединенные Демократы;
Мохов Илья Сергеевич;Морские ворота;89;Объединенные Демократы;
Седельникова Таисия Владимировна;Морские ворота;89;Объединенные Демократы;
Виниченко Сергей Александрович;Морские ворота;89;Объединенные Демократы;
Анисимов Дмитрий Игоревич;Морские ворота;90;Объединенные Демократы;
Белый Сергей Леонтьевич;Морские ворота;90;Объединенные Демократы;
Давыдов Андрей Владимирович;Морские ворота;90;Объединенные Демократы;
Лобановский Александр  Олегович;Морские ворота;90;Объединенные Демократы;
Потапов Даниил Валерьевич;Морские ворота;90;Объединенные Демократы;
Сафонов Виталий Викторович;Морские ворота;90;Объединенные Демократы;
Грязнов Виталий Валерьевич;Нарвский округ;1;Объединенные Демократы;
Каруличева Анна Николаевна;Нарвский округ;1;Объединенные Демократы;
Самосадкин Сергей Викторович;Нарвский округ;2;Объединенные Демократы;
Михайлов Алексей Дмитриевич;Нарвский округ;2;Объединенные Демократы;
Крупко Сергей Владимирович;Ульянка ;73;Объединенные Демократы;
Маликов Владимир Владимирович;Ульянка ;74;Объединенные Демократы;
Матиенко Елена Сергеевна;Ульянка ;74;Объединенные Демократы;
Бойко Дмитрий Алексеевич;Ульянка ;75;Объединенные Демократы;
Аскерова Эсмира Фаиговна;Ульянка ;75;Объединенные Демократы;
Кондрашов Павел Вячеславович;Ульянка ;75;Объединенные Демократы;
Смирнов Евгений Николаевич;Ульянка ;75;Объединенные Демократы;
Счастков Андрей Станиславович;Ульянка ;75;Объединенные Демократы;
Дрожжина Дарья Александровна;Ульянка ;76;Объединенные Демократы;
Кондрашова Елена Анатольевна;Ульянка ;76;Объединенные Демократы;
Претро Полина Игоревна;Ульянка ;76;Объединенные Демократы;
Уткина Светлана Анатольевна;Ульянка ;76;Объединенные Демократы;
Шлыков Игорь Олегович;Ульянка ;76;Объединенные Демократы;
Кириллов Никита Никитович;Ульянка ;76;Объединенные Демократы;
Бачериков Владислав Валерьевич;Колпино;3;Объединенные Демократы;
Андреева Виктория Валерьевна;Малая Охта;1;Штаб Навального;
Богданов Андрей Иванович;Малая Охта;1;Штаб Навального;
Ветохина Мария Геннадьевна;Малая Охта;3;Объединенные Демократы;
Волошин Артем Владимирович;Малая Охта;3;Штаб Навального;
Гостев Сергей Анатольевич;Малая Охта;3;Штаб Навального;
Золотенко Нина Андреевна;Малая Охта;1;Объединенные Демократы;
Кунин Василий Евгеньевич;Малая Охта;2;Объединенные Демократы;
Мироненко Татьяна Игоревна;Малая Охта;2;Объединенные Демократы;
Сизова Полина Владимировна;Малая Охта;2;Объединенные Демократы;
Голованова Татьяна Николаевна;Большая Охта;10;Объединенные Демократы;
Алферова Марианна Владимировна;Пороховые;108;Объединенные Демократы;
Бруссер Александра Викторовна;Пороховые;109;Объединенные Демократы;
Гаустов Кирилл Артемович;Пороховые;108;Объединенные Демократы;
Евдокимов Денис Васильевич;Пороховые;109;Объединенные Демократы;
Кузнецов Дмитрий Валерьевич;Пороховые;110;Объединенные Демократы;
Милехин Александр Валерьевич;Пороховые;109;Объединенные Демократы;
Новиков Александр Алексеевич;Пороховые;111;Объединенные Демократы;
Островская Нататья Вячеславовна;Пороховые;109;Объединенные Демократы;
Павлов Антон Георгиевич;Пороховые;110;Объединенные Демократы;
Преснякова Юлия Валерьевна;Пороховые;110;Объединенные Демократы;
Рогозин Ян Сергеевич;Пороховые;108;Объединенные Демократы;
Сажнев Всеволод Ильич;Пороховые;110;Объединенные Демократы;
Семежанова Елена Игоревна;Пороховые;108;Объединенные Демократы;
Сиялов Илья Валерьевич;Пороховые;108;Объединенные Демократы;
Сторожев Сергей Васильевич;Пороховые;109;Штаб Навального;
Акимов Петр Александрович;Горелово;2;Объединенные Демократы;
Часнык Александр Витальевич;Южно-Приморский ;1;Объединенные Демократы;
Кузнецов Александр Алексеевич;Южно-Приморский ;2;Объединенные Демократы;
Красный Евгений Николаевич;Южно-Приморский ;3;Объединенные Демократы;
Маликов Владимир Владимирович;Южно-Приморский ;3;Объединенные Демократы;
Матиенко Елена Сергеевна;Южно-Приморский ;3;Объединенные Демократы;
Мишихин Андрей Александрович;Южно-Приморский ;5;Объединенные Демократы;
Бредихин Алексей Леонидович;Урицк;1;Объединенные Демократы;
Смирнов Евгений Николаевич;Урицк;2;Объединенные Демократы;
Сысуев Владислав Юрьевич;Урицк;2;Объединенные Демократы;
Бабушкин Александр Львович;Урицк;2;Объединенные Демократы;
Кузнецова Татьяна Владимировна;Константиновское ;2;Объединенные Демократы;
Сысоев Кирилл Александрович;Константиновское ;2;Объединенные Демократы;
Крупко Сергей Владимирович;Константиновское ;2;Объединенные Демократы;
Николаев Дмитрий Андреевич;Юго-Запад;1;Объединенные Демократы;
Стафеев Павел Алексеевич;Юго-Запад;1;Объединенные Демократы;
Беляков Максим Александрович;Юго-Запад;1;Объединенные Демократы;
Дмитриев Лев Михайлович;Юго-Запад;1;Объединенные Демократы;
Безбородова Алина Сергеевна;Юго-Запад;2;Объединенные Демократы;
Димидов Дмитрий Сергеевич;Юго-Запад;4;Объединенные Демократы;
Чуркин Павел Александрович;КОМАРОВО ПОСЕЛОК;1;Объединенные Демократы;
Анисичкин Евгений Викторович;ПЕСОЧНЫЙ ПОСЕЛОК;2;Объединенные Демократы;
Пахтусов Евгений Николаевич;ПЕСОЧНЫЙ ПОСЕЛОК;2;Объединенные Демократы;
Начинкин Дмитрий Николаевич;ПЕСОЧНЫЙ ПОСЕЛОК;2;Объединенные Демократы;
Тимофеева Ульяна Николаевна;Новоизмайловское ;139;Объединенные Демократы;
Дурнавцев Кирилл Викторович;Новоизмайловское ;140;Объединенные Демократы;
Галанин Роман Игоревич;Пулковский меридиан;143;Объединенные Демократы;
Артемьев Артур Германович;Звездное;2;Объединенные Демократы;
Шлемев Петр Владимирович;Звездное;3;Объединенные Демократы;
Ильина Екатерина Ростиславовна;Звездное;4;Объединенные Демократы;
Пятаев Никита Владиславович;Звездное;4;Объединенные Демократы;
Смирнова Арина Владимировна;Звездное;4;Объединенные Демократы;
Капустин Алексей Валерьевич;Невская застава;150;Объединенные Демократы;
Ловцов Алексей Юрьевич;Невская застава;150;Объединенные Демократы;
Рукосуев Валентин Евгеньевич;Ивановский ;153;Объединенные Демократы;
Сорокин Андрей Юрьевич;Ивановский ;153;Объединенные Демократы;
Угрюмов Алексей Егорович;Ивановский ;153;Объединенные Демократы;
Сорокина Екатерина Андреевна;Рыбацкое;157;Объединенные Демократы;
Сорокин Виталий Викторович;Рыбацкое;157;Объединенные Демократы;
Ковалене Вадим Николаевич;Рыбацкое;157;Объединенные Демократы;
Глуховский Георгий Андреевич;Народный ;158;Объединенные Демократы;
Горохов Дмитрий Андреевич;Народный ;158;Объединенные Демократы;
Апарин Владимир Александрович;Народный ;159;Объединенные Демократы;
Печенкин Игорь Викторович;Народный ;160;Объединенные Демократы;
Печенкина Юлия Михайловна;Народный ;160;Объединенные Демократы;
Рукосуев Валентин Евгеньевич;Народный ;160;Объединенные Демократы;
Бачманова Галина Кирилловна;Народный ;160;Объединенные Демократы;
"	Полтарацкий Сергей Викторович";Народный ;161;Объединенные Демократы;
Ермолаев Антон Сергеевич;№ 54;162;Объединенные Демократы;
Шевцов Дмитрий Валерьевич;№ 54;162;Объединенные Демократы;
Мусатов Федор Андреевич;№ 54;162;Объединенные Демократы;
Исупов Феликс Борисович;№ 54;163;Объединенные Демократы;
Паелов Максим Вячеславович;№ 54;163;Объединенные Демократы;
Филиппов Алексей Игоревич;№ 54;164;Объединенные Демократы;
Калязина Дарья Михайловна;№ 54;165;Объединенные Демократы;
Караваев Дмитрий Андреевич;№ 54;165;Объединенные Демократы;
Тимофеева Вера Владимировна;№ 54;165;Объединенные Демократы;
Анохин Константин Михайлович;Невский округ;166;Объединенные Демократы;
Чурилов Игорь Михайлович;Невский округ;166;Объединенные Демократы;
Волков Кирилл Игоревич;ОККЕРВИЛЬ;170;Объединенные Демократы;
Ананьев Валерий Петрович;№  21;59;Справедливая Россия;
Краснов Руслан Валентинович;Правобережный;174;Объединенные Демократы;
Галкин Николай Николаевич;Правобережный;175;Объединенные Демократы;
Горчакова Марина Александровна;Правобережный;175;Объединенные Демократы;
Грудин Федор Владимирович;Правобережный;175;Объединенные Демократы;
Орлов Алексей Русланович;Правобережный;175;Объединенные Демократы;
Семененко Евгений Валентинович;Правобережный;177;Объединенные Демократы;
Миров Юрий Вячеславович;Правобережный;177;Объединенные Демократы;
Гадзиковский Станислав Валентинович;Правобережный;177;Объединенные Демократы;
Злобин Иван Юрьевич;Посадский;182;Объединенные Демократы;
Гладенко Юлия Александровна;Посадский;183;Объединенные Демократы;
Иванов Эрнест Викторович;СТРЕЛЬНА ПОСЕЛОК;3;Объединенные Демократы;
Мережко Юрий Игоревич;ПЕТЕРГОФ ГОРОД;1;Объединенные Демократы;
Резник Андрей Николаевич;ЛОМОНОСОВ ГОРОД;1;Объединенные Демократы;
Стефанов Алексей Алексеевич;ЛОМОНОСОВ ГОРОД;1;Объединенные Демократы;
Тихонов Максим Аркадьевич;ЛОМОНОСОВ ГОРОД;3;Объединенные Демократы;
Ильченко Виктор Вадимович;ЛОМОНОСОВ ГОРОД;4;Объединенные Демократы;
Претро Полина Игоревна;ЛОМОНОСОВ ГОРОД;5;Объединенные Демократы;
Шлыков Игорь Олегович;ЛОМОНОСОВ ГОРОД;5;Объединенные Демократы;
Постовар Сергей Геннадиевич;№ 65;192;Объединенные Демократы;
Минеев Михаил Павлович;№ 65;192;Объединенные Демократы;
Якушев Александр Николаевич;№ 65;193;Объединенные Демократы;
"	Григорьев Виталий Анатольевич";Черная речка;1;Штаб Навального;
"	Мохов Илья Сергеевич";Черная речка;1;Объединенные Демократы;
Бобылёва Юлия Михайловна;Черная речка;3;Штаб Навального;
Бродовских Алексей Александрович;Черная речка;3;Объединенные Демократы;
Баздырева Наталья Станиславовна;№  21;60;Справедливая Россия;
Логачёва Зорислава Дмитриевна;Черная речка;2;Объединенные Демократы;
Петялин Дмитрий Акселевич;Черная речка;3;Объединенные Демократы;
Анкудинов Юрий Владимирович;Комендантский аэродром;198;Объединенные Демократы;
Муравьев Сергей Павлович;Комендантский аэродром;198;Объединенные Демократы;
Трофимов Петр Владимирович;Озеро Долгое;205;Объединенные Демократы;
Тутушкин Вячеслав Владимирович;Озеро Долгое;205;Объединенные Демократы;
Шуринов Сергей Александрович;Юнтолово;692;Объединенные Демократы;
Лысов Дмитрий Витальевич;Юнтолово;692;Объединенные Демократы;
Самерсова Наталья Михайловна;Юнтолово;692;Объединенные Демократы;
Тайбери Кристина Васильевна;Юнтолово;695;Объединенные Демократы;
Синицын Константин Иванович;Юнтолово;695;Объединенные Демократы;
Флотсков Валерий Михайлович;Коломяги;206;Объединенные Демократы;
Смыков Кирилл Владимирович;Коломяги;206;Объединенные Демократы;
Соболев Иван Геннадьевич;Коломяги;206;Объединенные Демократы;
Сумин Дмитрий Викторович;Коломяги;206;Объединенные Демократы;
Захарова Ольга Сергеевна;Коломяги;207;Объединенные Демократы;
Максимов Сергей Владимирович;Коломяги;207;Объединенные Демократы;
Семенова Ольга Вячеславовна;Коломяги;207;Объединенные Демократы;
Зелепухин Николай Олегович;Коломяги;208;Объединенные Демократы;
Кузнецова Татьяна Александровна;Коломяги;208;Объединенные Демократы;
Федосеев Александр Викторович;Коломяги;208;Объединенные Демократы;
Веремеенко Татьяна Витальевна;Коломяги;209;Объединенные Демократы;
Шинкарева Елена Николаевна;Коломяги;209;Объединенные Демократы;
Анкудинов Юрий Владимирович;Коломяги;209;Объединенные Демократы;
Песоцкий Иван Витальевич;Коломяги;209;Объединенные Демократы;
Жаров Владимир Александрович;ПУШКИН ГОРОД;4;Объединенные Демократы;
Мироненко Татьяна Игоревна;ПУШКИН ГОРОД;4;Объединенные Демократы;
Косов Константин Александрович;ПУШКИН ГОРОД;4;Объединенные Демократы;
Павлов Геннадий Юрьевич;ПАВЛОВСК ГОРОД;1;Объединенные Демократы;
Гумеров Александр Равилевич;ШУШАРЫ ПОСЕЛОК;2;Объединенные Демократы;
Воробьев Павел Сергеевич;Волковское ;208;Объединенные Демократы;
Зайцева Светлана Геннадьевна;№ 72;212;Объединенные Демократы;
Капустин Денис Львович;№ 72;212;Объединенные Демократы;
Соколов Олег Сергеевич;№ 72;212;Объединенные Демократы;
Харитоненко Николай Валерьевич;№ 72;212;Объединенные Демократы;
Кондратьева Юлия Николаевна;№ 72;213;Объединенные Демократы;
Косов Константин Александрович;№ 72;213;Объединенные Демократы;
Малышин Николай Леонидович;№ 72;213;Объединенные Демократы;
Силин Сергей Юрьевич;№ 72;213;Объединенные Демократы;
Швец Павел Евгеньевич;№ 72;213;Объединенные Демократы;
Волохонский Владимир Львович;№ 72;214;Объединенные Демократы;
Голованов Александр Андреевич;№ 72;214;Объединенные Демократы;
Дзекановский Даниил Вадимович;№ 72;214;Объединенные Демократы;
Первушина Елена Валентиновна;№ 72;214;Объединенные Демократы;
Петрова Наталья Михайловна;№ 72;214;Объединенные Демократы;
Изыкина Валентина Владимировна;№ 72;215;Объединенные Демократы;
Кулекин Вячеслав Николаевич;№ 72;215;Объединенные Демократы;
Мироненко Татьяна Игоревна;№ 72;215;Объединенные Демократы;
Сурков Константин Васильевич;№ 72;215;Объединенные Демократы;
Хейкинен Ирина Сергеевна;№ 72;215;Объединенные Демократы;
Аристов Сергей Владимирович;Купчино;216;Объединенные Демократы;
Ащепков Александр Юрьевич;Купчино;216;Объединенные Демократы;
Лисицын Игорь Игоревич;Купчино;216;Объединенные Демократы;
Садкин Филипп Александрович;Купчино;216;Объединенные Демократы;
Смирин Лев Михайлович;Купчино;216;Объединенные Демократы;
Аристова Юлия Викторовна;Купчино;219;Объединенные Демократы;
Бондаренко Роман Аликович;Купчино;219;Объединенные Демократы;
Гришин Валентин Анатольевич;Купчино;219;Объединенные Демократы;
Зайцева Ирина Сергеевна;Купчино;219;Объединенные Демократы;
Юдина Гюзель Рафаильевна;Купчино;219;Объединенные Демократы;
Яцеленко Алексей Валерьевич;Георгиевский;220;Объединенные Демократы;
Никулин Андрей Владимирович;Георгиевский;221;Объединенные Демократы;
Траньков Платон Сергеевич;Георгиевский;222;Объединенные Демократы;
Андронов Евгений Евгеньевич;Балканский ;226;Объединенные Демократы;
Григорьев Роман Николаевич;Балканский ;229;Объединенные Демократы;
Баданина Ольга Александровна;Дворцовый;230;Объединенные Демократы;
Голонская Елизавета Игоревна;Дворцовый;230;Объединенные Демократы;
Измайкова Анастасия Денисовна;Дворцовый;230;Объединенные Демократы;
Студеникина Александра Александровна;Дворцовый;230;Объединенные Демократы;
Торопова Даяна Сергеевна;Дворцовый;230;Объединенные Демократы;
Грейханова Карина Александровна;Дворцовый;231;Объединенные Демократы;
Каркавцева Мария Павловна;Дворцовый;231;Объединенные Демократы;
Новикова Мария Михайловна;Дворцовый;231;Объединенные Демократы;
Родина Анастасия Юрьевна;Дворцовый;231;Объединенные Демократы;
Спиридонов Георгий Игоревич;Дворцовый;231;Объединенные Демократы;
Грязневич Наталья Владимировна;Дворцовый;231;Объединенные Демократы;
Дюгай Андрей Платонович;№ 78;232;Объединенные Демократы;
Миловидова Ольга Витальевна;№ 78;232;Объединенные Демократы;
Павлов Антон Георгиевич;№ 78;232;Объединенные Демократы;
Пивоваров Андрей Сергеевич;№ 78;232;Объединенные Демократы;
Грязневич Наталья Владимировна;№ 78;233;Объединенные Демократы;
Иглинский Константин Игоревич;№ 78;233;Объединенные Демократы;
Кузнецов Николай Григорьевич;№ 78;233;Объединенные Демократы;
Федосеев Александр Викторович;№ 78;233;Объединенные Демократы;
Чаплыгин Аркадий Алексеевич;№ 78;233;Объединенные Демократы;
Чернявская Дарья Олеговна;№ 78;232;Объединенные Демократы;
Еленко Владимир Анатольевич;Литейный ;234;Объединенные Демократы;
Кузнецов Павел Григорьевич;Литейный ;234;Объединенные Демократы;
Быков Кирилл Сергеевич;Литейный ;235;Объединенные Демократы;
Кистева Евгения Викторовна;Литейный ;235;Объединенные Демократы;
Суходольский Вадим Александрович;Литейный ;236;Объединенные Демократы;
Штатько Ольга Эдуардовна;Литейный ;236;Объединенные Демократы;
Бородавченко Антон Юрьевич;Смольнинское;238;Объединенные Демократы;
Кузнецов Павел Григорьевич;Смольнинское;238;Объединенные Демократы;
Бархатова Елена Николаевна;Смольнинское;239;Объединенные Демократы;
Серая Диана Алексеевна;Смольнинское;239;Объединенные Демократы;
Смоляк Павел Евгеньевич;Смольнинское;239;Объединенные Демократы;
Хрщонович Константин Вадимович;Смольнинское;239;Объединенные Демократы;
Фатьянова Ирина Сергеевна;Смольнинское;241;Объединенные Демократы;
Архипов Виктор Андреевич;Лиговка-Ямская;242;Объединенные Демократы;
Изотов Иван Сергеевич;Лиговка-Ямская;242;Объединенные Демократы;
Изотов Александр Викторович;Лиговка-Ямская;242;Объединенные Демократы;
Шабалкин Михаил Никитович;Лиговка-Ямская;242;Объединенные Демократы;
Ромашкин Амир Сергеевич;Лиговка-Ямская;242;Объединенные Демократы;
Хрулёв Сергей Геннадьевич;Лиговка-Ямская;243;Объединенные Демократы;
Зарембо Екатерина Викторовна;Лиговка-Ямская;243;Объединенные Демократы;
Корецкий Александр Владимирович;Владимирский ;244;Объединенные Демократы;
Шапошников Валерий Александрович;Владимирский ;244;Объединенные Демократы;
Хитрук Александр Андреевич;Владимирский ;244;Объединенные Демократы;
Лаврова Ксения Кирилловна;Владимирский ;247;Объединенные Демократы;
Богомолова Таисия Александровна;Владимирский ;247;Объединенные Демократы;
Злобин Иван Юрьевич;Литейный ;237;Объединенные Демократы;
Гладенко Юлия Александровна;№ 65;194;Объединенные Демократы;
Юферев Никита Андреевич;№ 65;191;Объединенные Демократы;
Сурнин Григорий Алексеевич;Комендантский аэродром;198;Объединенные Демократы;
Хромов Александр Юрьевич;Комендантский аэродром;198;Объединенные Демократы;
Евстафьева Янина Владимировна;ОККЕРВИЛЬ;172;Объединенные Демократы;
Юдович Вероника Евгеньевна;Екатерингофский;11;Объединенные Демократы;
Дербин Андрей Александрович;Коломяги;207;Объединенные Демократы;
Вдовин Павел Евгеньевич;Коломяги;208;Объединенные Демократы;
Шмелева Марина Олеговна;Коломна;1;Объединенные Демократы;
Горожанко Федор Константинович;Коломна;1;Объединенные Демократы;
Адов Артем Геннадьевич;Коломна;2;Объединенные Демократы;
Клещевников Игорь Георгиевич;Коломна;2;Объединенные Демократы;
Булатов Роман Константинович;Адмиралтейский округ;5;Штаб Навального;
Буркина Вероника Вадимовна;Адмиралтейский округ;5;Штаб Навального;
Кочемасов Максим Витальевич;Адмиралтейский округ;5;Штаб Навального;
Петров Михаил Романович;Адмиралтейский округ;5;Штаб Навального;
Кузеванова Анастасия Викторовна;Сенной округ;4;Штаб Навального;
Мартынова Елена Николаевна;Сенной округ;4;Штаб Навального;
Цветков Никита Викторович;Сенной округ;4;Штаб Навального;
Горланова Василиса Сергеевна;Семёновское;7;Штаб Навального;
Каплюк Владимир Владимирович;Семёновское;8;Объединенные Демократы;
"	Черменев Илья Иванович";Семёновское;8;Объединенные Демократы;
"	Иванкин Никита Владимирович";Семёновское;8;Объединенные Демократы;
Зайцев Александр Сергеевич;Семёновское;8;Штаб Навального;
"	Верещагин Александр Алексеевич";Екатерингофский;12;Штаб Навального;
"	Литвин Богдан Геннадьевич";Екатерингофский;11;Штаб Навального;
"	Горожанко Федор Константинович";Екатерингофский;11;Штаб Навального;
"	Костылева Полина Владимировна";Екатерингофский;11;Штаб Навального;
"	Минькович Ефим Ильич";Екатерингофский;11;Штаб Навального;
Путров Ярослав Сергеевич;Екатерингофский;12;Штаб Навального;
Гаспер Игорь Павлович;№  21;58;Справедливая Россия;
Григорищенко Александр Александрович;№  21;57;Справедливая Россия;
Елизаров Илья Вадимович;№  21;60;Справедливая Россия;
Симоненкова Галина Юрьевна;№  21;59;Справедливая Россия;
Тарасов Игорь Алексеевич;№  21;59;Справедливая Россия;
Телепнев Сергей Николаевич;№  21;57;Справедливая Россия;
Тушин Алексей Александрович;№  21;58;Справедливая Россия;
Кузнецов Дмитрий Александрович;Васильевский ;15;Штаб Навального;
Ловчановский Дмитрий Борисович;Васильевский ;15;Штаб Навального;
Нечеснюк Наталия Владимировна;Васильевский ;15;Штаб Навального;
Стасенко Александр Сергеевич;Васильевский ;15;Штаб Навального;
Сердюков Вячеслав Юрьевич; округ № 7;14;Штаб Навального;
Филиппова Ольга Дмитриевна; округ № 7;14;Штаб Навального;
"	Узкая Елена Ринатовна";Гавань;17;Объединенные Демократы;
Родин Павел Алексеевич;Гавань;18;Объединенные Демократы;
Панов Григорий Викторович;Остров Декабристов;21;Штаб Навального;
Лобовикова Александра Анатольевна;Остров Декабристов;22;Штаб Навального;
Михеев Сергей Владимирович;Сампсониевское ;24;Штаб Навального;
Демьянов Евгений Иванович;Светлановское;27;Штаб Навального;
"	Шуколюков Дмитрий Александрович";Светлановское;28;Штаб Навального;
Гаврилов Юрий Викторович;Сосновское ;2;Объединенные Демократы;
Ходосевич Наталья Юрьевна;№  21;58;Справедливая Россия;
Яковлев Михаил Вячеславович;№  21;59;Справедливая Россия;
Агарков Константин Юрьевич;№ 15;2;Справедливая Россия;
"	Газаров Роман Александрович";Сосновское ;3;Штаб Навального;
Магер Виктор Александрович;Шувалово-Озерки;1;Объединенные Демократы;
Щукин Роман Викторович;Шувалово-Озерки;1;Объединенные Демократы;
"	Мусаев Эльмин Гарашевич";Шувалово-Озерки;1;Объединенные Демократы;
"	Никитин Виталий Иванович";Шувалово-Озерки;2;Штаб Навального;
Петропавловский Александр Сергеевич;Шувалово-Озерки;4;Штаб Навального;
Волков Алексей Валерианович;Парголово;2;Штаб Навального;
Карбашов Александр Вадимович;Парголово;2;Штаб Навального;
Коконен Алексей Анатольевич;Парголово;2;Штаб Навального;
Тепоян Ованес Григорьевич;Парголово;2;Штаб Навального;
Севрук Алексей Михайлович;Парголово;2;Штаб Навального;
Калинин Валерий Евгеньевич;Парголово;1;Штаб Навального;
Гребенюк Александр Владимирович;Академическое;51;Штаб Навального;
Кузнецова Анастасия Сергеевна;Финлянский округ;55;Штаб Навального;
Гороховский Сергей Николаевич;Финлянский округ;55;Штаб Навального;
Андриенко Мария Владимировна;Финлянский округ;56;Штаб Навального;
Бакан Марианна Игоревна;№  21;57;Объединенные Демократы;
Вербицкий Павел Анатольевич;№  21;58;Объединенные Демократы;
Магер Виктор Александрович;№  21;60;Объединенные Демократы;
Перетрухин Олег Анатольевич;№  21;57;Объединенные Демократы;
Щукин Роман Викторович;№  21;60;Объединенные Демократы;
Матвейчук Сергей Анатольевич;№  21;58;Штаб Навального;
Бобровский Сергей Александрович;Прометей;67;Штаб Навального;
"	Малышев Сергей Игоревич";Прометей;67;Штаб Навального;
Веремейчик Валерий Павлович;ДАЧНОЕ;80;Штаб Навального;
Ушенко Юрий Григорьевич;ДАЧНОЕ;79;Штаб Навального;
"	Дудкин Сергей Петрович	";Нарвский округ;1;Штаб Навального;
Николаев Эдуард Александрович;Нарвский округ;1;Штаб Навального;
"	Пак Сиёвуш Нусратуллоевич";Нарвский округ;1;Штаб Навального;
Беляков Владимир Геннадьевич;Колпино;1;Штаб Навального;
Большаков Руслан Тофикович;Колпино;2;Штаб Навального;
"	Базенин Ростислав Владиславович";Колпино;5;Штаб Навального;
Волга Диана Романовна;Колпино;4;Штаб Навального;
Волга Роман Александрович;Колпино;3;Штаб Навального;
"	Алексеев Алексей Евгеньевич";Колпино;3;Штаб Навального;
Заинчуковский Игорь Михайлович;Колпино;4;Штаб Навального;
Захаров Андрей Борисович;Колпино;5;Штаб Навального;
Пузанов Виктор Леонидович;Колпино;1;Штаб Навального;
Тычина Геннадий Николаевич;Колпино;5;Штаб Навального;
Шарапова Анастасия Николаевна;Колпино;3;Штаб Навального;
Яцыно Сергей Викторович;Колпино;1;Штаб Навального;
Юдаев Александр Владимирович;Колпино;1;Штаб Навального;
Фролов Максим Алексеевич;Колпино;2;Штаб Навального;
Марабян Артур Суренович;Колпино;1;Штаб Навального;
Михайлов Артур Юрьевич;Колпино;4;Штаб Навального;
Егоров Павел Александрович;МЕТАЛЛОСТРОЙ;2;Штаб Навального;
"	Салтыков Сергей Николаевич";ПОНТОННЫЙ;1;Штаб Навального;
Кузнецов Игорь Сергеевич;ИЗМАЙЛОВСКОЕ;9;Объединенные Демократы;
Левин Петр Евгеньевич;ИЗМАЙЛОВСКОЕ;9;Объединенные Демократы;
Сиялов Илья Валерьевич;Малая Охта;2;Объединенные Демократы;
Тямшанский Николай Борисович;Малая Охта;3;Объединенные Демократы;
Халимовский Максим Юрьевич;Малая Охта;2;Объединенные Демократы;
Шапчиц Павел Анатольевич;Малая Охта;1;Объединенные Демократы;
Луженко Александр Александрович;Большая Охта;3;Штаб Навального;
"	Чебатарев Евгений Валерьевич";Большая Охта;6;Штаб Навального;
Ческидова Анастасия Алексеевна;Пороховые;109;Объединенные Демократы;
Фомин Олег Геннадьевич;Горелово;2;Штаб Навального;
Крылов Тарас Леонидович;Горелово;1;Штаб Навального;
Веремейчик Валерий Павлович;Южно-Приморский ;1;Объединенные Демократы;
Голоктеев Константин Николаевич;Южно-Приморский ;2;Штаб Навального;
Анисимов Дмитрий Николаевич;СОСНОВАЯ ПОЛЯНА;1;Штаб Навального;
Баранчугов Николай Витальевич;Константиновское ;1;Штаб Навального;
Васильев Денис Валерьевич;Константиновское ;1;Объединенные Демократы;
"	Иванов Георгий Николаевич";Константиновское ;1;Объединенные Демократы;
Рагимов Олег Низамиевич;Константиновское ;1;Штаб Навального;
Крупко Ольга Игоревна;Константиновское ;1;Штаб Навального;
Коврижных Андрей Александрович;Константиновское ;2;Штаб Навального;
Поляков Павел Андреевич;ПЕСОЧНЫЙ ПОСЕЛОК;1;Штаб Навального;
Петров Михаил Кириллович;ПЕСОЧНЫЙ ПОСЕЛОК;1;Штаб Навального;
Омельченко Георгий Владимирович;ПЕСОЧНЫЙ ПОСЕЛОК;2;Штаб Навального;
Уланов Виталий Николаевич;ПЕСОЧНЫЙ ПОСЕЛОК;1;Штаб Навального;
Федоров Виталий Викторович;ПЕСОЧНЫЙ ПОСЕЛОК;2;Объединенные Демократы;
Будберг Александр Валентинович;МОСКОВСКАЯ ЗАСТАВА;1;Штаб Навального;
Зинченко Сергей Викторович;МОСКОВСКАЯ ЗАСТАВА;2;Штаб Навального;
Коль Дмитрий Игоревич;Новоизмайловское ;139;Штаб Навального;
Соловьев Олег Владимирович;Новоизмайловское ;139;Штаб Навального;
Стариков Андрей Викторович;Новоизмайловское ;141;Штаб Навального;
Петров Максим Владиславович;Новоизмайловское ;141;Штаб Навального;
Богданов Дмитрий Александрович;Невская застава;150;Штаб Навального;
Евдокимов Максим Вадимович;Ивановский ;152;Штаб Навального;
Коврижин Вячеслав Николаевич;Ивановский ;153;Штаб Навального;
Севастьянов Алексей Владимирович;ОБУХОВСКИЙ;154;Штаб Навального;
Бородин Кирилл Олегович;Рыбацкое;156;Штаб Навального;
Карнюшкина Мария Николаевна;Рыбацкое;156;Штаб Навального;
Мезенцев Иван Владиславович;Рыбацкое;156;Штаб Навального;
Плюснин Максим Васильевич;Рыбацкое;156;Штаб Навального;
Краснова Наталья Анатольевна;Народный ;160;Объединенные Демократы;
Бобровников Денис Александрович;№ 54;162;Штаб Навального;
Мохова Елена Сергеевна;№ 54;162;Штаб Навального;
Шушкевич Кирилл Геннадьевич;№ 54;162;Штаб Навального;
Непочатых Игорь Сергеевич;Невский округ;169;Штаб Навального;
Матвеев Алексей Васильевич;Правобережный;174;Штаб Навального;
Митрофанов Владимир Александрович;Правобережный;175;Объединенные Демократы;
Дмитриева Светлана Владимировна;Правобережный;177;Объединенные Демократы;
"	Львов Илья Александрович";ПЕТЕРГОФ ГОРОД;3;Штаб Навального;
Коршунова Елена Юрьевна;ПЕТЕРГОФ ГОРОД;1;Объединенные Демократы;
Курышев Евгений Сергеевич;ПЕТЕРГОФ ГОРОД;2;Объединенные Демократы;
"	Атаев Петр Геннадьевич";ПЕТЕРГОФ ГОРОД;4;Штаб Навального;
Сергеев Константин Александрович;ПЕТЕРГОФ ГОРОД;4;Штаб Навального;
Матюшенко Константин Анатольевич;ПЕТЕРГОФ ГОРОД;1;Штаб Навального;
Арасланкин Александр Владимирович;ПЕТЕРГОФ ГОРОД;2;Штаб Навального;
Кравцов Олег Николаевич;ПЕТЕРГОФ ГОРОД;3;Штаб Навального;
Гараев Тимур Владимирович;СОЛНЕЧНОЕ ПОСЕЛОК;1;Штаб Навального;
Корелин Денис Николаевич;СОЛНЕЧНОЕ ПОСЕЛОК;1;Штаб Навального;
Лиханов Альберт Сергеевич;СЕСТРОРЕЦК ГОРОД;1;Штаб Навального;
Шушпанова Анна Юрьевна;СЕСТРОРЕЦК ГОРОД;1;Штаб Навального;
"	Петербургский Иван Дмитриевич";СЕСТРОРЕЦК ГОРОД;1;Штаб Навального;
Айдаров Кирилл Владимирович;СЕСТРОРЕЦК ГОРОД;2;Штаб Навального;
Гараев Тимур Владимирович;КРОНШТАДТ;2;Штаб Навального;
Лузгарев Александр Вячеславович;КРОНШТАДТ;2;Штаб Навального;
Дробов Евгений Вячеславович;ЛАХТА-ОЛЬГИНО;642;Штаб Навального;
Литвин Иван Сергеевич;ЛАХТА-ОЛЬГИНО;642;Штаб Навального;
Дмитриев Алексей Вячеславович;№ 65;193;Штаб Навального;
Валуйский Денис Геннадьевич;№ 65;193;Штаб Навального;
"	Дорофеев Сергей Викторович";№ 65;194;Штаб Навального;
Абанин Денис Юрьевич;№ 65;194;Штаб Навального;
"	Гульцев Александр Андреевич";№ 65;194;Штаб Навального;
Петялина Татьяна Владимировна;Черная речка;4;Объединенные Демократы;
Солодков Николай Николаевич;Черная речка;1;Объединенные Демократы;
Тонконогов Дмитрий Анатольевич;Черная речка;2;Штаб Навального;
Трищенко Александр Александрович;Черная речка;1;Объединенные Демократы;
Фролов Александр Евгеньевич;Черная речка;4;Объединенные Демократы;
Чернобров Анатолий Викторович;Черная речка;4;Объединенные Демократы;
Чуешов Юрий Игоревич;Комендантский аэродром;200;Штаб Навального;
Клопков Игорь Валерьевич;Озеро Долгое;205;Штаб Навального;
Охремцов Дмитрий Борисович;Юнтолово;694;Штаб Навального;
Пушкин Роман Владимирович;ПОСЕЛОК ЛИСИЙ НОС;4;Штаб Навального;
Куделин Станислав Николаевич;ПОСЕЛОК ЛИСИЙ НОС;3;Штаб Навального;
Калинин Владлен Константинович;ПОСЕЛОК ЛИСИЙ НОС;3;Штаб Навального;
Яцук Вадим Владимирович;ПОСЕЛОК ЛИСИЙ НОС;3;Штаб Навального;
Смирнов Илья Викторович;ШУШАРЫ ПОСЕЛОК;2;Объединенные Демократы;
Плеханов Иван Григорьевич;Волковское ;208;Штаб Навального;
Щербаков Алексей Владимирович;№ 72;222;Объединенные Демократы;
"	Бураков Павел Владимирович";№ 75;225;Объединенные Демократы;
"	Ляхов Александр Викторович";№ 75;225;Объединенные Демократы;
Тенищева Ольга Гильмановна;№ 75;225;Объединенные Демократы;
Швец Павел Евгеньевич;№ 75;225;Объединенные Демократы;
Ясененко Ольга Аркадьевна;№ 75;225;Объединенные Демократы;
Алиев Расим Али оглы;Литейный ;237;Штаб Навального;
Вольский Владислав Альбинович;Литейный ;234;Штаб Навального;
Веригин Антон Сергеевич;Литейный ;234;Штаб Навального;
"	Захаров Александр Викторович";Смольнинское;239;Объединенные Демократы;
Казаков Евгений Сергеевич;Смольнинское;239;Объединенные Демократы;
"	Пастыр Николай Иосифович";Смольнинское;240;Объединенные Демократы;
"	Петялина Татьяна Владимировна";Смольнинское;240;Объединенные Демократы;
Любимов Илья Валерьевич;Владимирский ;245;Штаб Навального;
Емельянов Александр Анатольевич;Балканский ;228;Объединенные Демократы;
Ждамиров Владимир Алексеевич;Балканский ;226;Объединенные Демократы;
Козлова Наталья Дмитриевна;Балканский ;227;Объединенные Демократы;
Костриков Сергей Сергеевич;Балканский ;227;Объединенные Демократы;
Куркин Олег Вячеславович;Балканский ;228;Объединенные Демократы;
Маляев Дмитрий Павлович;Балканский ;226;Объединенные Демократы;
Мрочко Кристина Александровна;Балканский ;227;Объединенные Демократы;
Новикова Мария Михайловна;Балканский ;229;Объединенные Демократы;
Орин Максим Николаевич;Балканский ;226;Объединенные Демократы;
Орлова Нина Валерьевна;Балканский ;226;Объединенные Демократы;
Родин Александр Игоревич;Балканский ;229;Объединенные Демократы;
Смирнова Екатерина Сергеевна;Балканский ;227;Объединенные Демократы;
Ушаков Алексей Дмитриевич;Балканский ;229;Объединенные Демократы;
Филиппов Андрей Александрович;Балканский ;228;Объединенные Демократы;
Чернышева Наталья Борисовна;Балканский ;229;Объединенные Демократы;
Архипова Ирина Владимировна;Георгиевский;222;Объединенные Демократы;
Григорьева Анна Борисовна;Георгиевский;221;Объединенные Демократы;
"	Гусев Артем Михайлович";Георгиевский;220;Объединенные Демократы;
Крыканова Екатерина Андреевна;Георгиевский;220;Объединенные Демократы;
Кудрявцев Станислав Андреевич;Георгиевский;222;Объединенные Демократы;
"	Кудряшов Дмитрий Викторович";Георгиевский;221;Объединенные Демократы;
"	Ляхов Александр Викторович";Георгиевский;222;Объединенные Демократы;
Максимов Максим Игоревич;Георгиевский;221;Объединенные Демократы;
"	Некрасов Александр Сергеевич";Георгиевский;221;Объединенные Демократы;
Ракул Дмитрий Петрович;Георгиевский;220;Объединенные Демократы;
Бондаренко Роман Аликович;№ 75;224;Объединенные Демократы;
Жимила Инна Викторовна;№ 75;224;Объединенные Демократы;
Игнатьев Олег Васильевич;№ 75;224;Объединенные Демократы;
Лопатин Сергей Владимирович;№ 75;224;Объединенные Демократы;
Никулин Андрей Владимирович;№ 75;224;Объединенные Демократы;
"	Бойцев Андрей Иванович";Литейный ;235;Объединенные Демократы;
"	Кузнецов Анатолий Всеволодович";Литейный ;236;Объединенные Демократы;
Бондаренко Диана Евгеньевна;№ 15;3;Справедливая Россия;
Васильев Иван Николаевич;№ 15;4;Справедливая Россия;
Войтов Иван Владимирович;№ 15;3;Справедливая Россия;
Герусов Захар Сергеевич;№ 15;4;Справедливая Россия;
Григорьева Татьяна Юрьевна;№ 15;4;Справедливая Россия;
Демура Виктор Тихонович;№ 15;4;Справедливая Россия;
Жиляев Сергей Юрьевич;№ 15;3;Справедливая Россия;
Колпаков Антон Викторович;№ 15;1;Справедливая Россия;
Корнилов Сергей Александрович;№ 15;1;Справедливая Россия;
Королев Игорь Александрович;№ 15;2;Справедливая Россия;
Кузовлева Евгения Анатольевна;№ 15;2;Справедливая Россия;
Правичкин Дмитрий Иванович;№ 15;4;Справедливая Россия;
Прегнер Олег Васильевич;№ 15;3;Справедливая Россия;
Роганков Андрей Борисович;№ 15;2;Справедливая Россия;
Точильников Григорий Викторович;№ 15;2;Справедливая Россия;
Шмаков Илья Владимирович;№ 15;3;Справедливая Россия;
Архимандритов Евгений Владимирович;№ 54;165;Справедливая Россия;
Заринская Мария Геннадьевна;№ 54;162;Справедливая Россия;
Латышева Юлия Вадимовна;№ 54;164;Справедливая Россия;
Левченко Виктория Владимировна;№ 54;164;Справедливая Россия;
Ложечко Виктор Петрович;№ 54;165;Справедливая Россия;
Носарь Геннадий Борисович;№ 54;163;Справедливая Россия;
Семенова Ирина Николаевна;№ 54;162;Справедливая Россия;
Шестаков Сергей Сергеевич;№ 54;163;Справедливая Россия;
Петропавловский Александр Сергеевич;Светлановское;28;Штаб Навального;
Щелоков Леонид Юрьевич;№ 54;162;Справедливая Россия;
Щиголев Илья Викторович;№ 54;165;Справедливая Россия;
Ясиновский Максим Геннадьевич;№ 54;165;Справедливая Россия;
Клюйков Алексей Евгеньевич;№ 65;194;Справедливая Россия;
Мамин Имиль Алиевич;№ 65;192;Справедливая Россия;
Федоров Руслан Олегович;№ 65;193;Справедливая Россия;
Алексеев Андрей Валерьевич;Академическое;49;Справедливая Россия;
Артемьева Каролина Сергеевна;Академическое;52;Справедливая Россия;
Белов Евгений Валерьевич;Академическое;49;Справедливая Россия;
Бичурина Рената Халимовна;Академическое;51;Справедливая Россия;
Бондин Сергей Сергеевич;Академическое;52;Справедливая Россия;
Борисов Максим Николаевич;Академическое;49;Справедливая Россия;
Верешкин Дмитрий Аркадьевич;Академическое;51;Справедливая Россия;
Ермакова Виктория Витальевна;Академическое;50;Справедливая Россия;
Коровай Сергей Михайлович;Академическое;49;Справедливая Россия;
Николаев Михаил Геннадьевич;Академическое;49;Справедливая Россия;
Погодин Денис Витальевич;Академическое;50;Справедливая Россия;
Попова Елена Юрьевна;Академическое;51;Справедливая Россия;
Раднаев Александр Владимирович;Академическое;50;Справедливая Россия;
Репин Виктор Николаевич;Академическое;50;Справедливая Россия;
Родионов Вячеслав Адольфович;Академическое;52;Справедливая Россия;
Уцеховский Александр Александрович;Академическое;51;Справедливая Россия;
Швецов Константин Владимирович;Академическое;52;Справедливая Россия;
Шевяков Вячеслав Николаевич;Академическое;50;Справедливая Россия;
Лукьянов Сергей Валентинович;Александровская;1;Справедливая Россия;
Виноградова Диана Владимировна;Большая Охта;6;Справедливая Россия;
Ганичев Сергей Геннадьевич;Большая Охта;4;Справедливая Россия;
Королева Манефа Валерьевна;Большая Охта;1;Справедливая Россия;
Бондаренко Глеб Андреевич;Васильевский ;16;Справедливая Россия;
Гершевич Евгений Минеевич;Васильевский ;16;Справедливая Россия;
Овечкина Янина Юрьевна;Васильевский ;16;Справедливая Россия;
Синичкина Галина Олеговна;Васильевский ;15;Справедливая Россия;
"	Терехова Ольга Валерьевна";Васильевский ;16;Справедливая Россия;
Томашевский Евгений Игоревич;Васильевский ;15;Справедливая Россия;
Шеленина Маргарита Сергеевна;Васильевский ;16;Справедливая Россия;
Аржанников Денис Семенович;Владимирский ;244;Справедливая Россия;
Зенкевич Сергей Олегович;Владимирский ;244;Справедливая Россия;
Зинкевич Константин Эдуардович;Владимирский ;245;Справедливая Россия;
Иванов Антон Арнольдович;Владимирский ;245;Справедливая Россия;
Когинов Игорь Владимирович;Владимирский ;247;Справедливая Россия;
Пастухов Эдуард Георгиевич;Владимирский ;245;Справедливая Россия;
Солодянникова Татьяна Леонидовна;Владимирский ;245;Справедливая Россия;
Федосеев Андрей Евгеньевич;Владимирский ;245;Справедливая Россия;
Филиппов Дмитрий Анатольевич;Владимирский ;244;Справедливая Россия;
Яковлев Антон Дмитриевич;Владимирский ;244;Справедливая Россия;
Аристов Дмитрий Иванович;Волковское ;208;Справедливая Россия;
Васильев Олег Николаевич;Волковское ;208;Справедливая Россия;
Васильев Руслан Александрович;Волковское ;208;Справедливая Россия;
Войновский Кирилл Евгеньевич;Волковское ;208;Справедливая Россия;
Демин Станислав Игоревич;Волковское ;209;Справедливая Россия;
Загороднюк Евгений Николаевич;Волковское ;209;Справедливая Россия;
Лобанов Денис Олегович;Волковское ;209;Справедливая Россия;
Мамаев Вадим Сергеевич;Волковское ;211;Справедливая Россия;
Мамаев Юрий Сергеевич;Волковское ;210;Справедливая Россия;
Михайлов Павел Сергеевич;Волковское ;210;Справедливая Россия;
Михайлова Ольга Михайловна;Волковское ;210;Справедливая Россия;
Никулина Татьяна Вячеславовна;Волковское ;209;Справедливая Россия;
Новиков Александр Викторович;Волковское ;210;Справедливая Россия;
Омельяненко Герман Сергеевич;Волковское ;209;Справедливая Россия;
Потеребо Тарас Анатольевич;Волковское ;211;Справедливая Россия;
Умнов Юрий Анатольевич;Волковское ;211;Справедливая Россия;
Цветкова Виктория Игоревна;Волковское ;211;Справедливая Россия;
Леженин Сергей Сергеевич;ДАЧНОЕ;77;Справедливая Россия;
Тихонов Максим Аркадьевич;Ивановский ;152;Справедливая Россия;
Кузык Роман Николаевич;Княжево;4;Справедливая Россия;
Петровец Кирилл Сергеевич;Княжево;4;Справедливая Россия;
Рыжов Олег Алексеевич;Княжево;3;Справедливая Россия;
Шулев Андрей Леонидович;Княжево;1;Справедливая Россия;
Ковалев Дмитрий Юрьевич;Коломна;1;Справедливая Россия;
Храмцов Эдуард Николаевич;Коломна;1;Справедливая Россия;
Амосова Галия Михайловна;Гражданка;48;Объединенные Демократы;
Беляева Елена Вячеславовна;Гражданка;46;Объединенные Демократы;
Буевич Алена Эдуардовна;Гражданка;46;Объединенные Демократы;
Бурман Георгий Владимирович;Гражданка;48;Объединенные Демократы;
Васильев Никита Анатольевич;Гражданка;46;Объединенные Демократы;
Васильева Елена Борисовна;Гражданка;48;Объединенные Демократы;
Иванов Константин Александрович;Гражданка;48;Объединенные Демократы;
Иванова Марина Сергеевна;Гражданка;45;Объединенные Демократы;
Майорова Ирина Борисовна;Гражданка;47;Объединенные Демократы;
Назаров Сергей Анатольевич;Гражданка;47;Объединенные Демократы;
Рекстин Алексей Феликсович;Гражданка;48;Объединенные Демократы;
Сафонов Вадим Константинович;Гражданка;47;Объединенные Демократы;
Снисаренко Анатолий Николаевич;Гражданка;47;Объединенные Демократы;
Туголуков Михаил Сергеевич;Гражданка;45;Объединенные Демократы;
Каплюк Владимир Владимирович;Коломна;2;Справедливая Россия;
"	Иванкин Никита Владимирович";Коломна;2;Справедливая Россия;
Батьков Егор Вадимович;Колпино;2;Справедливая Россия;
Безверхий Владимир Анатольевич;Колпино;5;Справедливая Россия;
Белякова Оксана Валентиновна;Колпино;2;Справедливая Россия;
Даморатская Марина Алексеевна;Колпино;5;Справедливая Россия;
Дюба Константин Олегович;Колпино;5;Справедливая Россия;
Коковина Надежда Михайловна;Колпино;1;Справедливая Россия;
Можин Александр Сергеевич;Колпино;2;Справедливая Россия;
Потылицын Дмитрий Игоревич;Колпино;4;Справедливая Россия;
Пухова Алена Сергеевна;Колпино;3;Справедливая Россия;
Рахманов Иван Максимович;Колпино;3;Справедливая Россия;
Ревягин Сергей Вячеславович;Колпино;1;Справедливая Россия;
Данилов Сергей Николаевич;Константиновское ;1;Справедливая Россия;
Данилова Виктория Анатольевна;Константиновское ;2;Справедливая Россия;
Ткачев Валерий Александрович;Константиновское ;2;Справедливая Россия;
Волочай Иван Владимирович;Красное Село;2;Справедливая Россия;
Зайцев Руслан Сергеевич;Красное Село;1;Справедливая Россия;
Курносов Григорий Викторович;Красное Село;1;Справедливая Россия;
Любимова Наталья Георгиевна;Красное Село;2;Справедливая Россия;
Оськин Александр Федорович;Красное Село;2;Справедливая Россия;
Пилипенко Артем Петрович;Красное Село;2;Справедливая Россия;
Шарупич Григорий Геннадьевич;Красное Село;2;Справедливая Россия;
Удин Михаил Петрович;КРОНШТАДТ;2;Справедливая Россия;
Агарков Константин Юрьевич;Левашово;2;Справедливая Россия;
Архарова Наталья Геннадьевна;Левашово;2;Справедливая Россия;
Быстрова Любовь Романовна;Левашово;1;Справедливая Россия;
Зорин Сергей Викторович;Левашово;2;Справедливая Россия;
Клюшниченко Андрей Анатольевич;Левашово;2;Справедливая Россия;
Петрова Галина Алексеевна;Левашово;2;Справедливая Россия;
Корепанов Юрий Николаевич;Левашово;1;Справедливая Россия;
Соломаха Александр Иванович;Левашово;1;Справедливая Россия;
Федоров Сергей Николаевич;Левашово;1;Справедливая Россия;
Шерпа Леонид Петрович;Левашово;1;Справедливая Россия;
Караваева Елена Сергеевна;Литейный ;236;Справедливая Россия;
Ротгольц Родион Леонидович;Литейный ;235;Справедливая Россия;
Уразгильдеев Дмитрий Хусяинович;Литейный ;235;Справедливая Россия;
Васильева Ксения Александровна;ЛОМОНОСОВ ГОРОД;4;Справедливая Россия;
Захаров Евгений Александрович;ЛОМОНОСОВ ГОРОД;5;Справедливая Россия;
Киселев Семен Игнатьевич;ЛОМОНОСОВ ГОРОД;2;Справедливая Россия;
Косовских Ирина Владимировна;ЛОМОНОСОВ ГОРОД;3;Справедливая Россия;
Преснякова Мария Константиновна;ЛОМОНОСОВ ГОРОД;1;Справедливая Россия;
Саидов Рустам Сатторович;ЛОМОНОСОВ ГОРОД;2;Справедливая Россия;
Яковлев Максим Сергеевич;ЛОМОНОСОВ ГОРОД;4;Справедливая Россия;
Щелоков Леонид Юрьевич;Малая Охта;3;Справедливая Россия;
Александров Борис Васильевич;МЕТАЛЛОСТРОЙ;1;Справедливая Россия;
Альховский Михаил Александрович;МЕТАЛЛОСТРОЙ;1;Справедливая Россия;
Веселова Наталья Сергеевна;МЕТАЛЛОСТРОЙ;1;Справедливая Россия;
Виноградов Владислав Викторович;МЕТАЛЛОСТРОЙ;1;Справедливая Россия;
Гамзатов Артур Расулович;МЕТАЛЛОСТРОЙ;2;Справедливая Россия;
Нечипорук Ирина Николаевна;МЕТАЛЛОСТРОЙ;2;Справедливая Россия;
Пушкова Полина Владимировна;МЕТАЛЛОСТРОЙ;2;Справедливая Россия;
"	Стрелкова Ольга Семеновна
";МЕТАЛЛОСТРОЙ;1;Справедливая Россия;
Горелова Наталья Анатольевна;МЕТАЛЛОСТРОЙ;2;Справедливая Россия;
Спирин Григорий Витальевич;МЕТАЛЛОСТРОЙ;2;Справедливая Россия;
Аракелов Кирилл Святославович;МОСКОВСКАЯ ЗАСТАВА;3;Справедливая Россия;
Кваша Юрий Николаевич;МОСКОВСКАЯ ЗАСТАВА;1;Справедливая Россия;
Кизеев Евгений Иванович;МОСКОВСКАЯ ЗАСТАВА;1;Справедливая Россия;
Кощеева Олеся Викторовна;МОСКОВСКАЯ ЗАСТАВА;4;Справедливая Россия;
Крылов Александр Александрович;МОСКОВСКАЯ ЗАСТАВА;2;Справедливая Россия;
Новиков Александр Викторович;МОСКОВСКАЯ ЗАСТАВА;4;Справедливая Россия;
Солодянникова Татьяна Леонидовна;МОСКОВСКАЯ ЗАСТАВА;4;Справедливая Россия;
Черемных Кристина Витальевна;МОСКОВСКАЯ ЗАСТАВА;4;Справедливая Россия;
Черкас Анна Васильевна;МОСКОВСКАЯ ЗАСТАВА;4;Справедливая Россия;
Каменев Михаил Михайлович;Невский округ;169;Справедливая Россия;
Лахманова Марина Алексеевна;Невский округ;169;Справедливая Россия;
Ложечко Андрей Викторович;Невский округ;167;Справедливая Россия;
Сорокин Александр Михайлович;Невский округ;167;Справедливая Россия;
Щелоков Леонид Юрьевич;Невский округ;167;Справедливая Россия;
Аверин Александр Сергеевич;Озеро Долгое;203;Справедливая Россия;
Безменов Борис Борисович;Озеро Долгое;203;Справедливая Россия;
Гузенко Виталий Викторович;Озеро Долгое;205;Справедливая Россия;
Захаренков Алексей Георгиевич;Озеро Долгое;202;Справедливая Россия;
Кацыло Иван Николаевич;Озеро Долгое;204;Справедливая Россия;
Коротаев Михаил Михайлович;Озеро Долгое;204;Справедливая Россия;
Мамин Имиль Алиевич;Озеро Долгое;202;Справедливая Россия;
Миляева Лариса Александровна;Озеро Долгое;202;Справедливая Россия;
Минхайров Фидаиль Марсович;Озеро Долгое;204;Справедливая Россия;
Нарышкин Сергей Павлович;Озеро Долгое;204;Справедливая Россия;
Черемных Кристина Витальевна;Озеро Долгое;205;Справедливая Россия;
Шокин Антон Николаевич;Озеро Долгое;203;Справедливая Россия;
Расулов Тимур Камалутдинович;ОККЕРВИЛЬ;173;Справедливая Россия;
Аникиев Артур Давидович;ОККЕРВИЛЬ;171;Справедливая Россия;
Коломийцев Алексей Вячеславович;ОККЕРВИЛЬ;172;Справедливая Россия;
Ложечко Андрей Викторович;ОККЕРВИЛЬ;172;Справедливая Россия;
Малолеткин Никита Валерьевич;ОККЕРВИЛЬ;171;Справедливая Россия;
Натолочный Александр Николаевич;ОККЕРВИЛЬ;170;Справедливая Россия;
Наумов Владислав Григорьевич;ОККЕРВИЛЬ;173;Справедливая Россия;
Овчарова Елизавета Константиновна;ОККЕРВИЛЬ;173;Справедливая Россия;
Полякова Валерия Валерьевна;ОККЕРВИЛЬ;171;Справедливая Россия;
Пшиченко Роман Алексеевич;ОККЕРВИЛЬ;170;Справедливая Россия;
Северский Сергей Михайлович;ОККЕРВИЛЬ;171;Справедливая Россия;
Шаров Александр Александрович;ОККЕРВИЛЬ;173;Справедливая Россия;
Щелоков Леонид Юрьевич;ОККЕРВИЛЬ;170;Справедливая Россия;
Щиголев Илья Викторович;ОККЕРВИЛЬ;170;Справедливая Россия;
Ясиновский Максим Геннадьевич;ОККЕРВИЛЬ;172;Справедливая Россия;
Кваша Юрий Николаевич;ПАВЛОВСК ГОРОД;2;Справедливая Россия;
Печникова Ирина Евгеньевна;ПАВЛОВСК ГОРОД;2;Справедливая Россия;
Тюлькин Евгений Викторович;ПАВЛОВСК ГОРОД;2;Справедливая Россия;
Бидаш Татьяна Венедиктовна;Пискарёвка;62;Справедливая Россия;
Ветохина Мария Геннадьевна;Пискарёвка;61;Справедливая Россия;
Волкова Лилия Ильдаровна;Пискарёвка;62;Справедливая Россия;
Волошин Артем Владимирович;Пискарёвка;61;Справедливая Россия;
Жанарстанова Галина Альбертовна;Пискарёвка;62;Справедливая Россия;
Кушнаренко Федор Александрович;Пискарёвка;62;Справедливая Россия;
Пономарев Роман Леонидович;Пискарёвка;61;Справедливая Россия;
Барышников Владимир Ильич;Полюстрово;2;Справедливая Россия;
Вишневская Наталья Гавриловна;Полюстрово;3;Справедливая Россия;
Дзямулич Михаил Васильевич;Полюстрово;1;Справедливая Россия;
Долгицер Виктория Михайловна;Полюстрово;1;Справедливая Россия;
Егельский Егор Евгеньевич;Полюстрово;2;Справедливая Россия;
Зятикова Светлана Николаевна;Полюстрово;1;Справедливая Россия;
Пуйша Александр Эдуардович;Полюстрово;1;Справедливая Россия;
Раянова Эльвира Талгатовна;Полюстрово;1;Справедливая Россия;
Храмцова Галина Алексеевна;Полюстрово;4;Справедливая Россия;
Алчинов Евгений Валентинович;Пороховые;110;Справедливая Россия;
Безменов Игнатий Борисович;ПОСЕЛОК ЛИСИЙ НОС;4;Справедливая Россия;
Бондин Сергей Сергеевич;ПОСЕЛОК ЛИСИЙ НОС;4;Справедливая Россия;
Касаткин Иван Михайлович;ПОСЕЛОК ЛИСИЙ НОС;4;Справедливая Россия;
Чайкин Дмитрий Владимирович;ПОСЕЛОК ЛИСИЙ НОС;4;Справедливая Россия;
Эвель Илья Владимирович;ПОСЕЛОК ЛИСИЙ НОС;3;Справедливая Россия;
Аникиев Артур Давидович;Правобережный;176;Справедливая Россия;
Иванов Роман Владимирович;Правобережный;174;Справедливая Россия;
Крютченко Ярослав Максимович;Правобережный;176;Справедливая Россия;
Лагутин Вячеслав Венадиевич;Правобережный;174;Справедливая Россия;
Ложечко Андрей Викторович;Правобережный;176;Справедливая Россия;
Ложечко Виктор Петрович;Правобережный;177;Справедливая Россия;
Полякова Валерия Валерьевна;Правобережный;174;Справедливая Россия;
Северский Сергей Михайлович;Правобережный;176;Справедливая Россия;
Безменов Борис Борисович;Прометей;65;Справедливая Россия;
Безменов Игнатий Борисович;Прометей;66;Справедливая Россия;
Давидович Валентина Владимировна;Прометей;68;Справедливая Россия;
Демянович Роман Геннадьевич;Прометей;65;Справедливая Россия;
Дмитраков Кирилл Игоревич;Прометей;65;Справедливая Россия;
Ильин Артем Сергеевич;Прометей;68;Справедливая Россия;
Корнетов Владимир Викторович;Прометей;66;Справедливая Россия;
Кочнова Наталья Вячеславовна;Прометей;66;Справедливая Россия;
Метёлкин Михаил Викторович;Прометей;66;Справедливая Россия;
Минхайров Фидаиль Марсович;Прометей;68;Справедливая Россия;
Черепов Андрей Юрьевич;Прометей;68;Справедливая Россия;
Журавлёв Александр Иванович;ПУШКИН ГОРОД;2;Справедливая Россия;
Кваша Юрий Николаевич;ПУШКИН ГОРОД;1;Справедливая Россия;
"	Калакутин Сергей Васильевич";ПУШКИН ГОРОД;4;Объединенные Демократы;
Тюлькин Евгений Викторович;ПУШКИН ГОРОД;1;Справедливая Россия;
Роганков Андрей Борисович;Светлановское;25;Справедливая Россия;
Калиновская Оксана Валентиновна;Северный ;64;Справедливая Россия;
Русинов Андрей Алексеевич;Северный ;64;Справедливая Россия;
Рухмаков Дмитрий Алексеевич;Северный ;64;Справедливая Россия;
Шокин Антон Николаевич;Северный ;64;Справедливая Россия;
Ануфриева Тамара Федоровна;Северный ;64;Справедливая Россия;
Баженов Сергей Викторович;Северный ;63;Справедливая Россия;
Григорьева Ольга Анатольевна;Северный ;63;Справедливая Россия;
Егорова Ирина Николаевна;Северный ;63;Справедливая Россия;
Кацыло Николай Владимирович;Северный ;63;Справедливая Россия;
Лухтанов Никита Владимирович;Северный ;63;Справедливая Россия;
Барышев Алексей Александрович;СЕСТРОРЕЦК ГОРОД;1;Справедливая Россия;
Кучеров Григорий Борисович;СЕСТРОРЕЦК ГОРОД;2;Справедливая Россия;
Мандзюк Иван Дмитриевич;СЕСТРОРЕЦК ГОРОД;2;Справедливая Россия;
Панасевич Денис Александрович;СЕСТРОРЕЦК ГОРОД;2;Справедливая Россия;
Свиридова Елена Александровна;СЕСТРОРЕЦК ГОРОД;1;Справедливая Россия;
Смирнов Сергей Александрович;СЕСТРОРЕЦК ГОРОД;2;Справедливая Россия;
Сухнев Данила Юрьевич;СЕСТРОРЕЦК ГОРОД;1;Справедливая Россия;
Шушулков Дмитрий Дмитриевич;СЕСТРОРЕЦК ГОРОД;2;Справедливая Россия;
Малолеткин Никита Валерьевич;Смольнинское;239;Справедливая Россия;
Гильштейн Ульяна Сергеевна;СОСНОВАЯ ПОЛЯНА;2;Справедливая Россия;
Давыдов Станислав Вячеславович;СОСНОВАЯ ПОЛЯНА;1;Справедливая Россия;
Кологрив Евгений Георгиевич;СОСНОВАЯ ПОЛЯНА;2;Справедливая Россия;
Левашов Александр Юрьевич;СОСНОВАЯ ПОЛЯНА;1;Справедливая Россия;
Никитин Владимир Александрович;СОСНОВАЯ ПОЛЯНА;1;Справедливая Россия;
Тихонов Максим Аркадьевич;СОСНОВАЯ ПОЛЯНА;1;Справедливая Россия;
Ханенко Александр Александрович;СОСНОВАЯ ПОЛЯНА;1;Справедливая Россия;
"	Япеев Евгений Анатольевич";Сосновское ;4;Справедливая Россия;
Жданов Александр Сергеевич;Сосновское ;3;Справедливая Россия;
Калинин Александр Юрьевич;Сосновское ;4;Справедливая Россия;
Чупрунов Павел Вячеславович;Черная речка;2;Объединенные Демократы;
Васильев Валерий Викторович;Сосновское ;4;Справедливая Россия;
Геворгян Сергей Манукович;Сосновское ;3;Справедливая Россия;
Лунёв Роман Сергеевич;Сосновское ;2;Справедливая Россия;
Харлантьев Сергей Владимирович;Сосновское ;4;Справедливая Россия;
Булатов Андрей Александрович;СТРЕЛЬНА ПОСЕЛОК;1;Справедливая Россия;
Беллавин Антон Павлович;Ульянка ;74;Справедливая Россия;
Брагин Павел Николаевич;Ульянка ;74;Справедливая Россия;
"Лапин Вячеслав Владимирович
";Ульянка ;73;Справедливая Россия;
Мохов Илья Сергеевич;ПОСЕЛОК ЛИСИЙ НОС;3;Объединенные Демократы;
Мингазова Валерия Анатольевна;Ульянка ;73;Справедливая Россия;
Череповицкий Станислав Юльянович;ПОСЕЛОК ЛИСИЙ НОС;4;Объединенные Демократы;
Золотов Александр Вячеславович;Урицк;1;Справедливая Россия;
Кочмар Константин Ильич;Урицк;1;Справедливая Россия;
Кочмар Марина Валерьевна;Урицк;2;Справедливая Россия;
Левашова Ольга Борисовна;Урицк;1;Справедливая Россия;
Литвяк Сергей Александрович;Урицк;1;Справедливая Россия;
Любимов Павел Владимирович;Урицк;2;Справедливая Россия;
Шевкунов Сергей Германович;Урицк;1;Справедливая Россия;
Бабурина Елена Александровна;Финлянский округ;54;Справедливая Россия;
Дурасова Эльвира Юрьевна;Финлянский округ;56;Справедливая Россия;
Рябчук Екатерина Юрьевна;Финлянский округ;54;Справедливая Россия;
Голубева Лилиана Николаевна;Черная речка;1;Справедливая Россия;
Китаева Наталья Владимировна;Черная речка;4;Справедливая Россия;
Полунина Ольга Викторовна;Черная речка;3;Справедливая Россия;
Градская Екатерина Сергеевна;ШУШАРЫ ПОСЕЛОК;3;Справедливая Россия;
Дигич Андрей Андреевич;ШУШАРЫ ПОСЕЛОК;4;Справедливая Россия;
Козлов Александр Сергеевич;ШУШАРЫ ПОСЕЛОК;2;Справедливая Россия;
Комаров Александр Юрьевич;ШУШАРЫ ПОСЕЛОК;1;Справедливая Россия;
Никулина Татьяна Вячеславовна;ШУШАРЫ ПОСЕЛОК;3;Справедливая Россия;
Уколов Владимир Станиславович;ШУШАРЫ ПОСЕЛОК;2;Справедливая Россия;
Гагарин Дмитрий Алексеевич;Юго-Запад;4;Справедливая Россия;
Гильштейн Ульяна Сергеевна;Юго-Запад;2;Справедливая Россия;
Захаренко Олег Алексеевич;Юго-Запад;2;Справедливая Россия;
Казаков Алексей Евгеньевич;Юго-Запад;3;Справедливая Россия;
Левашов Александр Юрьевич;Юго-Запад;2;Справедливая Россия;
Любимов Павел Владимирович;Юго-Запад;3;Справедливая Россия;
Любимова Наталья Георгиевна;Юго-Запад;4;Справедливая Россия;
Новицкая Ольга Анатольевна;Юго-Запад;3;Справедливая Россия;
Осипов Игорь Дмитриевич;Юго-Запад;1;Справедливая Россия;
Пилипенко Артем Петрович;Юго-Запад;4;Справедливая Россия;
Ткачев Валерий Александрович;Юго-Запад;3;Справедливая Россия;
Шапин Андрей Викторович;Юго-Запад;3;Справедливая Россия;
Шарупич Григорий Геннадьевич;Юго-Запад;2;Справедливая Россия;
Шевкунов Сергей Германович;Юго-Запад;4;Справедливая Россия;
Ерихов Александр Анатольевич;Южно-Приморский ;5;Справедливая Россия;
Патрушев Дмитрий Викторович;Южно-Приморский ;4;Справедливая Россия;
Арутюнов Сергей Наполеонович;Юнтолово;695;Справедливая Россия;
Давыдова Любовь Николаевна;Юнтолово;693;Справедливая Россия;
Краснобородкин Алексей Николаевич;Юнтолово;695;Справедливая Россия;
Молотков Михаил Михайлович;Юнтолово;694;Справедливая Россия;
Пестерев Сергей Владимирович;Юнтолово;691;Справедливая Россия;
Смирнов Николай Владимирович;Юнтолово;691;Справедливая Россия;
Соколов Дмитрий Павлович;Юнтолово;691;Справедливая Россия;
Талыбов Даниль Кямилевич;Юнтолово;691;Справедливая Россия;
Шмаков Сергей Сергеевич;Юнтолово;692;Справедливая Россия;
Синяк Александра Александровна;Васильевский ;15;Объединенные Демократы;
"	Животов Алексей Юрьевич";Сосновское ;3;Яблоко;
Харитонов Сергей Владимирович;ИЗМАЙЛОВСКОЕ;10;Объединенные Демократы;
Манушин Андрей Игоревич;ПУШКИН ГОРОД;4;Объединенные Демократы;
Узянбаева Инга Альбертовна;ШУШАРЫ ПОСЕЛОК;4;Объединенные Демократы;
